{"properties": [
  {
    "name": "cliente.nome",
    "type": "java.lang.String",
    "description": "A description for 'cliente.nome'"
  },
  {
    "name": "whatsapp.api.key",
    "type": "java.lang.String",
    "description": "A description for 'whatsapp.api.key'"
  },
  {
    "name": "whatsapp.api.url",
    "type": "java.lang.String",
    "description": "A description for 'whatsapp.api.url'"
  },
  {
    "name": "cliente.numero",
    "type": "java.lang.String",
    "description": "A description for 'cliente.numero'"
  }
]}